{
	"description": "项目配置文件。",
	"miniprogramRoot": "miniprogram/",
	"cloudfunctionRoot": "cloudfunctions/",
	"packOptions": {
		"ignore": []
	},
	"setting": {
		"urlCheck": true,
		"es6": true,
		"postcss": true,
		"minified": true,
		"newFeature": true
	},
	"compileType": "miniprogram",
	"libVersion": "2.4.2",
	"appid": "wxe5f52902cf4de896",
	"projectname": "%E5%B0%8F%E7%A8%8B%E5%BA%8F%E7%A4%BA%E4%BE%8B",
	"isGameTourist": false,
	"condition": {
		"search": {
			"current": -1,
			"list": []
		},
		"conversation": {
			"current": -1,
			"list": []
		},
		"plugin": {
			"current": -1,
			"list": []
		},
		"game": {
			"currentL": -1,
			"list": []
		},
		"miniprogram": {
			"current": 3,
			"list": [
				{
					"id": -1,
					"name": "map",
					"pathName": "page/component/pages/map/map",
					"query": ""
				},
				{
					"id": -1,
					"name": "font",
					"pathName": "page/API/pages/load-font-face/load-font-face",
					"query": ""
				},
				{
					"id": -1,
					"name": "cloud",
					"pathName": "page/cloud/index",
					"query": ""
				},
				{
					"id": 3,
					"name": "cloud-page",
					"pathName": "page/cloud/pages/scf-storage/scf-storage",
					"query": ""
				}
			]
		}
	}
}
